Timestamp,Gender,Age group,Qualification,Income group,Kindly indicate your employment status?,Do social conversations influence your product choices?,To what extent does a brandâ€™s social media presence influence your purchasing decision? ,What social media channels are you most active on? Choose as many as are applicable. ,.Does the review (photos or in text) or rating helps you to buy the product?,Which online method you mostly prefer to make payment?,What you do if Cash on Delivery is unavailable for the product you are willing to buy? ,"Which shopping type you think, gives you desired quality and price?",Is  selection of goods on internet is very broad as compared to the traditional market,How often do you purchase online?,Which factor influences you to buy offline?,Which factor influences you to buy online?,How many times you go for offline shopping,"If  you never had online shopping, please specify the reason",If in future certain situation occur in which you will be having only one option to buy online then what will be the factor that you will consider before buying?,If a product you want to buy has same price in both online and offline then what you would go with?
8/14/2021 21:03:53,Male,18-25,Graduate,Student,Unemployed,No,Seldom,"Facebook, Instagram",Yes,Cash on Delivery,Go with other methods( Debit/Credit/UPI),Offline,Yes,Once in a month,Reliability,Quicker,Seldom,Risk of credit card and transaction,Feedbacks,Online buying (saves time)
8/14/2021 21:05:31,Male,18-25,Graduate,Student,Unemployed,Yes,To a large extent,"Facebook, Twitter, Instagram",Sometimes,Debit/ Credit card,Go with other methods( Debit/Credit/UPI),Offline,No,Once in every 2-3 month,Reliability,Easy refund,Once in a week,Duplicate quality,Brands,Online buying (saves time)
8/14/2021 21:18:56,Male,41-60,Graduate,40000 and above,Self-employed,Yes,Seldom,Facebook,Sometimes,Net banking,Go with other methods( Debit/Credit/UPI),Online,Sometimes,Weekly,Checking Product quality,Quicker,Every month,Risk of credit card and transaction,Brands,Online buying (saves time)
8/14/2021 21:41:57,Female,41-60,"Others ( Masters, PhD)",15000-40000,Self-employed,No,Seldom,"Facebook, Instagram",Yes,Debit/ Credit card,Go with other methods( Debit/Credit/UPI),Offline,Sometimes,Once in every 2-3 month,Checking Product quality,Less time Consuming,Every month,Duplicate quality,Feedbacks,Online buying (saves time)
8/14/2021 22:40:11,Female,18-25,Graduate,Student,Unemployed,Yes,To a large extent,"Instagram, Pinterest",Yes,Debit/ Credit card,Go with other methods( Debit/Credit/UPI),Offline,Sometimes,Once in a month,Checking Product quality,Easier,Every month,Duplicate quality,Brands,Online buying (saves time)
8/14/2021 22:41:53,Male,41-60,Primary (School),15000-40000,Employed,No,To a large extent,Facebook,Sometimes,Cash on Delivery,Go with other methods( Debit/Credit/UPI),Offline,No,Once in every 2-3 month,Reliability,Less time Consuming,Every month,Risk of credit card and transaction,Feedbacks,Offline buying (can do quality check)
8/14/2021 22:44:04,Female,26-40,"Others ( Masters, PhD)",15000-40000,Employed,Yes,To a large extent,"Twitter, LinkedIn, Instagram, Pinterest",Yes,Debit/ Credit card,Go with other methods( Debit/Credit/UPI),Online,Yes,Weekly,Reliability,Easier,Seldom,Duplicate quality,Feedbacks,Online buying (saves time)
8/14/2021 23:22:47,Female,18-25,"Others ( Masters, PhD)",Student,Unemployed,Yes,Never,Instagram,No,Debit/ Credit card,Go with other methods( Debit/Credit/UPI),Offline,Yes,Once in a year,Checking Product quality,Quicker,Every month,Risk of credit card and transaction,Feedbacks,Offline buying (can do quality check)
8/14/2021 23:26:13,Female,18-25,"Others ( Masters, PhD)",Student,Unemployed,Yes,Seldom,Instagram,Yes,Debit/ Credit card,Go with other methods( Debit/Credit/UPI),Offline,Yes,Once in a year,Checking Product quality,Quicker,Seldom,Duplicate quality,Brands,Offline buying (can do quality check)
8/14/2021 23:26:49,Female,18-25,Graduate,Student,Unemployed,Yes,To a large extent,"LinkedIn, Instagram",Sometimes,Cash on Delivery,Won't buy,Offline,Yes,Once in a year,Reliability,Easier,Seldom,Duplicate quality,Feedbacks,Offline buying (can do quality check)
8/14/2021 23:27:17,Female,18-25,"Others ( Masters, PhD)",Student,Unemployed,Yes,Seldom,"Facebook, Instagram, Pinterest",Sometimes,Cash on Delivery,Go with other methods( Debit/Credit/UPI),Offline,Sometimes,Once in a year,Checking Product quality,Less time Consuming,Every month,Duplicate quality,Feedbacks,Offline buying (can do quality check)
8/14/2021 23:34:05,Female,18-25,"Others ( Masters, PhD)",less than 15000,Self-employed,No,Never,"Facebook, Twitter, LinkedIn, Instagram",Yes,Debit/ Credit card,Go with other methods( Debit/Credit/UPI),Offline,Yes,Once in a year,Checking Product quality,Easy refund,Regular,Identity theft,Feedbacks,Offline buying (can do quality check)
8/14/2021 23:38:29,Female,18-25,"Others ( Masters, PhD)",Student,Unemployed,Yes,To a large extent,Facebook,Yes,Cash on Delivery,Go with other methods( Debit/Credit/UPI),Offline,Sometimes,Once in every 2-3 month,Checking Product quality,Easier,Every month,Risk of credit card and transaction,Feedbacks,Offline buying (can do quality check)
8/14/2021 23:45:00,Male,41-60,Primary (School),15000-40000,Employed,Yes,Seldom,Instagram,Yes,Cash on Delivery,Won't buy,Online,Yes,Once in every 2-3 month,Reliability,Easier,Every month,Duplicate quality,Won't buy,Offline buying (can do quality check)
8/14/2021 23:50:39,Female,18-25,"Others ( Masters, PhD)",Student,Unemployed,No,Never,"Facebook, Twitter, Instagram",Sometimes,Cash on Delivery,Go with other methods( Debit/Credit/UPI),Offline,Sometimes,Once in a year,Reliability,Easier,Every month,Risk of credit card and transaction,Feedbacks,Offline buying (can do quality check)
8/14/2021 23:52:11,Female,18-25,Intermediate( High School),Student,Unemployed,Yes,Seldom,Instagram,Yes,Cash on Delivery,Go with other methods( Debit/Credit/UPI),Offline,Sometimes,Once in a year,Accuracy,Less time Consuming,Seldom,Don't know about online shopping,Feedbacks,Offline buying (can do quality check)
8/14/2021 23:56:05,Female,18-25,Graduate,Student,Unemployed,Yes,To a large extent,Instagram,Yes,Cash on Delivery,Go with other methods( Debit/Credit/UPI),Offline,Yes,Once in every 2-3 month,Checking Product quality,Easy refund,Every month,Risk of credit card and transaction,Feedbacks,Online buying (saves time)
8/14/2021 23:56:13,Female,18-25,"Others ( Masters, PhD)",Student,Unemployed,Yes,To a large extent,Instagram,Yes,Cash on Delivery,Won't buy,Offline,Sometimes,Once in every 2-3 month,Checking Product quality,Less time Consuming,Regular,Risk of credit card and transaction,Feedbacks,Offline buying (can do quality check)
8/15/2021 0:01:52,Female,18-25,Graduate,Student,Unemployed,Yes,Seldom,"Facebook, Twitter, LinkedIn, Instagram",Sometimes,Debit/ Credit card,Go with other methods( Debit/Credit/UPI),Offline,Sometimes,Once in a year,Checking Product quality,Less time Consuming,Every month,Duplicate quality,Feedbacks,Offline buying (can do quality check)
8/15/2021 0:02:57,Female,18-25,Intermediate( High School),Student,Unemployed,Yes,Seldom,"Facebook, Twitter, LinkedIn, Instagram, Pinterest",Sometimes,Cash on Delivery,Go with other methods( Debit/Credit/UPI),Offline,Sometimes,Once in a month,Checking Product quality,Easier,Every month,Duplicate quality,Brands,Offline buying (can do quality check)
8/15/2021 0:13:07,Female,18-25,Intermediate( High School),Student,Unemployed,Yes,To a large extent,"Facebook, Instagram",Yes,Cash on Delivery,Go with other methods( Debit/Credit/UPI),Offline,Sometimes,Once in every 2-3 month,Checking Product quality,Easier,Every month,Duplicate quality,Feedbacks,Offline buying (can do quality check)
8/15/2021 0:17:57,Female,18-25,"Others ( Masters, PhD)",15000-40000,Employed,Yes,To a large extent,"Facebook, LinkedIn, Instagram",Yes,Debit/ Credit card,Go with other methods( Debit/Credit/UPI),Offline,Sometimes,Once in every 2-3 month,Checking Product quality,Easy refund,Seldom,Duplicate quality,Brands,Offline buying (can do quality check)
8/15/2021 0:31:29,Male,18-25,"Others ( Masters, PhD)",Student,Unemployed,Yes,Seldom,Instagram,Yes,Cash on Delivery,Go with other methods( Debit/Credit/UPI),Offline,Yes,Weekly,Reliability,Less time Consuming,Seldom,Don't know about online shopping,Feedbacks,Online buying (saves time)
8/15/2021 0:34:19,Female,18-25,Graduate,Student,Unemployed,Yes,To a large extent,Instagram,Yes,Cash on Delivery,Go with other methods( Debit/Credit/UPI),Offline,Yes,Once in a year,Checking Product quality,Less time Consuming,Seldom,Risk of credit card and transaction,Feedbacks,Online buying (saves time)
8/15/2021 0:38:03,Male,18-25,Graduate,Student,Unemployed,Yes,Never,"Twitter, Instagram",Sometimes,Net banking,Go with other methods( Debit/Credit/UPI),Offline,Sometimes,Once in every 2-3 month,Checking Product quality,Easier,Regular,Duplicate quality,Feedbacks,Offline buying (can do quality check)
8/15/2021 0:51:51,Female,18-25,Graduate,Student,Unemployed,Yes,Never,Instagram,Yes,Net banking,Won't buy,Online,Yes,Once in every 2-3 month,Reliability,Easier,Regular,Duplicate quality,Feedbacks,Online buying (saves time)
8/15/2021 0:52:35,Female,18-25,Intermediate( High School),Student,Unemployed,No,Never,"Instagram, Pinterest",Yes,Cash on Delivery,Go with other methods( Debit/Credit/UPI),Offline,Sometimes,Once in a year,Checking Product quality,Less time Consuming,Seldom,Duplicate quality,Brands,Offline buying (can do quality check)
8/15/2021 5:28:02,Male,18-25,Graduate,Student,Unemployed,No,Never,"LinkedIn, Pinterest",Sometimes,Cash on Delivery,Go with other methods( Debit/Credit/UPI),Online,Sometimes,Once in every 2-3 month,Checking Product quality,Easier,Every month,Risk of credit card and transaction,Won't buy,Offline buying (can do quality check)
8/15/2021 6:20:57,Female,18-25,Graduate,Student,Unemployed,Yes,Seldom,Instagram,Sometimes,Cash on Delivery,Go with other methods( Debit/Credit/UPI),Offline,Sometimes,Once in a year,Checking Product quality,Easier,Once in a week,Duplicate quality,Won't buy,Offline buying (can do quality check)
8/15/2021 8:28:22,Male,18-25,"Others ( Masters, PhD)",less than 15000,Employed,Yes,Seldom,"LinkedIn, Instagram",Sometimes,Cash on Delivery,Go with other methods( Debit/Credit/UPI),Offline,Sometimes,Once in every 2-3 month,Checking Product quality,Easier,Seldom,Risk of credit card and transaction,Brands,Online buying (saves time)
8/15/2021 8:31:33,Male,18-25,"Others ( Masters, PhD)",less than 15000,Self-employed,Yes,To a large extent,LinkedIn,Yes,Debit/ Credit card,Go with other methods( Debit/Credit/UPI),Online,No,Weekly,Checking Product quality,Easy refund,Once in a week,Duplicate quality,Feedbacks,Online buying (saves time)
8/15/2021 9:22:39,Male,18-25,Graduate,40000 and above,Employed,Yes,To a large extent,Instagram,Yes,Net banking,Won't buy,Online,Yes,Once in every 2-3 month,Reliability,Quicker,Regular,Don't know about online shopping,Feedbacks,Online buying (saves time)
8/15/2021 9:24:59,Female,18-25,Graduate,15000-40000,Self-employed,Yes,To a large extent,Instagram,Yes,Cash on Delivery,Go with other methods( Debit/Credit/UPI),Online,Yes,Once in every 2-3 month,Checking Product quality,Less time Consuming,Seldom,Duplicate quality,Feedbacks,Online buying (saves time)
8/15/2021 9:35:32,Male,18-25,Intermediate( High School),Student,Unemployed,Yes,Seldom,Instagram,Sometimes,Cash on Delivery,Won't buy,Offline,Yes,Once in every 2-3 month,Checking Product quality,Easier,Seldom,Duplicate quality,Won't buy,Online buying (saves time)
8/15/2021 9:37:10,Female,18-25,Intermediate( High School),Student,Unemployed,No,To a large extent,Instagram,Yes,Cash on Delivery,Go with other methods( Debit/Credit/UPI),Offline,Yes,Once in every 2-3 month,Checking Product quality,Quicker,Every month,Duplicate quality,Brands,Offline buying (can do quality check)
8/15/2021 9:38:25,Female,26-40,"Others ( Masters, PhD)",40000 and above,Employed,Yes,To a large extent,"Twitter, LinkedIn, Instagram, Pinterest",Yes,Debit/ Credit card,Go with other methods( Debit/Credit/UPI),Online,Yes,Weekly,Reliability,Less time Consuming,Seldom,Duplicate quality,Brands,Online buying (saves time)
8/15/2021 10:48:06,Female,18-25,Graduate,Student,Unemployed,Yes,To a large extent,Instagram,Yes,Net banking,Go with other methods( Debit/Credit/UPI),Offline,Sometimes,Once in every 2-3 month,Checking Product quality,Less time Consuming,Seldom,Duplicate quality,Brands,Offline buying (can do quality check)
8/15/2021 10:53:38,Male,18-25,Graduate,less than 15000,Employed,Yes,Seldom,"Twitter, Instagram, Pinterest",Yes,Cash on Delivery,Won't buy,Offline,Sometimes,Once in every 2-3 month,Accuracy,Easier,Seldom,Risk of credit card and transaction,Feedbacks,Offline buying (can do quality check)
8/15/2021 11:16:14,Male,18-25,Graduate,less than 15000,Employed,No,Never,Instagram,Yes,Net banking,Go with other methods( Debit/Credit/UPI),Online,Sometimes,Once in a year,Checking Product quality,Easy refund,Every month,Risk of credit card and transaction,Feedbacks,Offline buying (can do quality check)
8/15/2021 11:47:14,Female,18-25,Intermediate( High School),Student,Unemployed,No,Never,Pinterest,No,Cash on Delivery,Go with other methods( Debit/Credit/UPI),Offline,Sometimes,Once in a year,Checking Product quality,Less time Consuming,Seldom,Risk of credit card and transaction,Feedbacks,Offline buying (can do quality check)
8/15/2021 12:12:48,Male,18-25,Graduate,15000-40000,Employed,Yes,Seldom,"Twitter, Instagram",Yes,Cash on Delivery,Go with other methods( Debit/Credit/UPI),Online,Yes,Once in a month,Checking Product quality,Less time Consuming,Every month,Risk of credit card and transaction,Brands,Offline buying (can do quality check)
8/15/2021 13:10:29,Female,18-25,Intermediate( High School),Student,Unemployed,Yes,Seldom,Pinterest,Sometimes,Cash on Delivery,Go with other methods( Debit/Credit/UPI),Offline,No,Once in every 2-3 month,Checking Product quality,Easier,Regular,Don't know about online shopping,Feedbacks,Online buying (saves time)
8/15/2021 13:12:50,Female,18-25,Intermediate( High School),Student,Unemployed,Yes,To a large extent,"Instagram, Pinterest",Yes,Cash on Delivery,Go with other methods( Debit/Credit/UPI),Online,Sometimes,Once in a month,Checking Product quality,Quicker,Every month,Don't know about online shopping,Feedbacks,Online buying (saves time)
8/15/2021 15:42:23,Female,18-25,"Others ( Masters, PhD)",less than 15000,Employed,No,Seldom,Instagram,Sometimes,Cash on Delivery,Won't buy,Offline,Sometimes,Once in a year,Checking Product quality,Quicker,Seldom,Risk of credit card and transaction,Feedbacks,Offline buying (can do quality check)
8/15/2021 16:17:37,Female,18-25,Intermediate( High School),Student,Unemployed,Yes,Seldom,Facebook,Sometimes,Debit/ Credit card,Go with other methods( Debit/Credit/UPI),Offline,Sometimes,Once in every 2-3 month,Checking Product quality,Easy refund,Seldom,Identity theft,Feedbacks,Online buying (saves time)
8/15/2021 16:45:41,Female,18-25,Graduate,Student,Unemployed,Yes,Seldom,"Twitter, Instagram",Sometimes,Cash on Delivery,Go with other methods( Debit/Credit/UPI),Offline,Sometimes,Once in a month,Checking Product quality,Less time Consuming,Regular,Risk of credit card and transaction,Feedbacks,Online buying (saves time)
8/15/2021 19:19:17,Female,26-40,Intermediate( High School),Housewife,Unemployed,Yes,Never,Instagram,Sometimes,Net banking,Won't buy,Online,Yes,Weekly,Checking Product quality,Less time Consuming,Once in a week,Don't know about online shopping,Brands,Online buying (saves time)
8/15/2021 19:35:39,Female,18-25,Graduate,Student,Self-employed,No,To a large extent,"Instagram, Pinterest",Yes,Net banking,Go with other methods( Debit/Credit/UPI),Offline,Yes,Once in every 2-3 month,Reliability,Easy refund,Seldom,Risk of credit card and transaction,Feedbacks,Offline buying (can do quality check)
8/15/2021 22:39:18,Female,18-25,"Others ( Masters, PhD)",Student,Unemployed,Yes,Never,"Instagram, Pinterest, Reddit",Sometimes,Net banking,Go with other methods( Debit/Credit/UPI),Offline,Yes,Once in every 2-3 month,Checking Product quality,Less time Consuming,Every month,Duplicate quality,Feedbacks,Offline buying (can do quality check)
8/15/2021 22:57:41,Female,18-25,Graduate,Student,Unemployed,Yes,Seldom,"Instagram, Pinterest",Yes,Cash on Delivery,Go with other methods( Debit/Credit/UPI),Online,Sometimes,Weekly,Reliability,Quicker,Regular,Don't know about online shopping,Feedbacks,Online buying (saves time)
8/15/2021 23:01:25,Female,18-25,Graduate,Student,Unemployed,Yes,To a large extent,"Instagram, Pinterest",Yes,Cash on Delivery,Go with other methods( Debit/Credit/UPI),Offline,Sometimes,Once in a year,Checking Product quality,Easy refund,Seldom,Risk of credit card and transaction,Feedbacks,Offline buying (can do quality check)
8/15/2021 23:33:33,Male,18-25,Intermediate( High School),less than 15000,Unemployed,Yes,Seldom,"Facebook, Instagram",Sometimes,Debit/ Credit card,Go with other methods( Debit/Credit/UPI),Online,Sometimes,Once in a month,Checking Product quality,Easier,Every month,Duplicate quality,Feedbacks,Online buying (saves time)
8/16/2021 9:13:54,Female,18-25,Intermediate( High School),Student,Unemployed,Yes,To a large extent,"Instagram, Pinterest",Yes,Cash on Delivery,Go with other methods( Debit/Credit/UPI),Offline,No,Once in every 2-3 month,Checking Product quality,Easier,Once in a week,Duplicate quality,Brands,Online buying (saves time)
8/16/2021 9:47:13,Female,18-25,Intermediate( High School),Student,Unemployed,Yes,To a large extent,"Instagram, Pinterest",Yes,Cash on Delivery,Won't buy,Offline,No,Once in every 2-3 month,Checking Product quality,Easier,Every month,Duplicate quality,Feedbacks,Online buying (saves time)
8/16/2021 10:03:47,Female,18-25,"Others ( Masters, PhD)",Student,Unemployed,Yes,Seldom,Instagram,Yes,Cash on Delivery,Go with other methods( Debit/Credit/UPI),Online,Yes,Once in a month,Checking Product quality,Less time Consuming,Every month,Risk of credit card and transaction,Feedbacks,Online buying (saves time)
8/16/2021 17:36:35,Female,18-25,Graduate,15000-40000,Employed,Yes,Seldom,"Facebook, Twitter, LinkedIn, Pinterest",Yes,Debit/ Credit card,Go with other methods( Debit/Credit/UPI),Online,Yes,Once in every 2-3 month,Reliability,Easy refund,Seldom,Duplicate quality,Feedbacks,Offline buying (can do quality check)
8/16/2021 20:47:45,Female,18-25,Graduate,Student,Self-employed,Yes,Never,Pinterest,Yes,Cash on Delivery,Go with other methods( Debit/Credit/UPI),Offline,No,Once in a year,Checking Product quality,Easy refund,Once in a week,Duplicate quality,Brands,Offline buying (can do quality check)
8/16/2021 21:05:53,Female,18-25,Graduate,Student,Unemployed,Yes,Seldom,"Facebook, Twitter, LinkedIn, Instagram",Sometimes,Cash on Delivery,Won't buy,Offline,Sometimes,Once in every 2-3 month,Checking Product quality,Less time Consuming,Seldom,Risk of credit card and transaction,Brands,Offline buying (can do quality check)
8/16/2021 21:14:06,Female,41-60,Graduate,Housewife,Unemployed,Yes,Seldom,Facebook,Yes,Net banking,Go with other methods( Debit/Credit/UPI),Offline,No,Once in every 2-3 month,Checking Product quality,Less time Consuming,Regular,Duplicate quality,Feedbacks,Offline buying (can do quality check)
8/16/2021 21:15:13,Female,26-40,Graduate,40000 and above,Employed,Yes,To a large extent,Instagram,Yes,Debit/ Credit card,Go with other methods( Debit/Credit/UPI),Online,Sometimes,Once in every 2-3 month,Checking Product quality,Easier,Every month,Duplicate quality,Feedbacks,Offline buying (can do quality check)
8/16/2021 21:15:45,Male,18-25,Graduate,Student,Unemployed,Yes,Never,Instagram,Yes,Cash on Delivery,Go with other methods( Debit/Credit/UPI),Offline,No,Once in every 2-3 month,Checking Product quality,Easier,Seldom,Duplicate quality,Brands,Offline buying (can do quality check)
8/16/2021 21:17:17,Female,18-25,Primary (School),Student,Unemployed,Yes,To a large extent,Pinterest,Sometimes,Cash on Delivery,Go with other methods( Debit/Credit/UPI),Offline,Sometimes,Once in every 2-3 month,Checking Product quality,Easier,Regular,Don't know about online shopping,Brands,Offline buying (can do quality check)
8/16/2021 21:18:12,Female,18-25,Graduate,Student,Unemployed,Yes,Seldom,Instagram,Sometimes,Debit/ Credit card,Won't buy,Online,Yes,Once in a month,Reliability,Less time Consuming,Regular,Duplicate quality,Feedbacks,Offline buying (can do quality check)
8/16/2021 21:20:16,Female,18-25,Graduate,Student,Employed,Yes,Seldom,"Instagram, Pinterest",No,Debit/ Credit card,Go with other methods( Debit/Credit/UPI),Offline,Sometimes,Once in a year,Checking Product quality,Less time Consuming,Once in a week,Duplicate quality,Brands,Offline buying (can do quality check)
8/16/2021 21:26:18,Female,18-25,Graduate,Student,Unemployed,No,Never,Instagram,No,Cash on Delivery,Go with other methods( Debit/Credit/UPI),Offline,Sometimes,Once in a month,Checking Product quality,Easy refund,Once in a week,Risk of credit card and transaction,Feedbacks,Offline buying (can do quality check)
8/16/2021 21:26:18,Female,18-25,Intermediate( High School),Student,Unemployed,No,Seldom,"Instagram, Pinterest",Sometimes,Cash on Delivery,Won't buy,Offline,Yes,Weekly,Checking Product quality,Quicker,Once in a week,Duplicate quality,Feedbacks,Online buying (saves time)
8/16/2021 21:30:32,Female,18-25,Intermediate( High School),Student,Unemployed,Yes,Seldom,Pinterest,Yes,Cash on Delivery,Won't buy,Offline,Sometimes,Once in a year,Checking Product quality,Less time Consuming,Regular,Risk of credit card and transaction,Feedbacks,Online buying (saves time)
8/16/2021 21:31:10,Female,26-40,"Others ( Masters, PhD)",15000-40000,Employed,Yes,To a large extent,"Instagram, Pinterest",Yes,Net banking,Go with other methods( Debit/Credit/UPI),Online,Yes,Weekly,Checking Product quality,Easy refund,Once in a week,Duplicate quality,Brands,Offline buying (can do quality check)
8/16/2021 21:32:23,Male,18-25,Graduate,Student,Unemployed,No,Seldom,Instagram,Sometimes,Cash on Delivery,Go with other methods( Debit/Credit/UPI),Offline,Sometimes,Once in a year,Checking Product quality,Easier,Regular,Duplicate quality,Brands,Offline buying (can do quality check)
8/16/2021 21:33:39,Male,18-25,Graduate,15000-40000,Employed,Yes,Seldom,Instagram,Yes,Net banking,Go with other methods( Debit/Credit/UPI),Offline,Yes,Once in every 2-3 month,Checking Product quality,Less time Consuming,Regular,Duplicate quality,Feedbacks,Offline buying (can do quality check)
8/16/2021 21:34:14,Female,26-40,Graduate,Housewife,Employed,Yes,Seldom,"Facebook, Instagram, Pinterest",Sometimes,Debit/ Credit card,Go with other methods( Debit/Credit/UPI),Online,Sometimes,Once in every 2-3 month,Checking Product quality,Easy refund,Seldom,Risk of credit card and transaction,Brands,Online buying (saves time)
8/16/2021 21:34:47,Female,41-60,Graduate,Housewife,Unemployed,No,Never,Facebook,Sometimes,Cash on Delivery,Won't buy,Offline,Sometimes,Once in a year,Checking Product quality,Easy refund,Every month,Don't know about online shopping,Feedbacks,Offline buying (can do quality check)
8/16/2021 21:37:49,Female,26-40,Graduate,Housewife,Self-employed,Yes,Never,Instagram,Sometimes,Cash on Delivery,Won't buy,Offline,No,Once in a year,Checking Product quality,Easy refund,Regular,Duplicate quality,Won't buy,Offline buying (can do quality check)
8/16/2021 21:38:59,Female,18-25,Graduate,Student,Unemployed,No,To a large extent,Pinterest,Sometimes,Cash on Delivery,Won't buy,Offline,Sometimes,Once in a year,Accuracy,Easier,Once in a week,Identity theft,Feedbacks,Offline buying (can do quality check)
8/16/2021 21:42:53,Male,18-25,Intermediate( High School),Student,Unemployed,Yes,Never,"Facebook, Twitter, Instagram",No,Cash on Delivery,Go with other methods( Debit/Credit/UPI),Offline,Sometimes,Once in every 2-3 month,Checking Product quality,Easier,Regular,Risk of credit card and transaction,Feedbacks,Offline buying (can do quality check)
8/16/2021 21:43:13,Female,18-25,Graduate,Student,Unemployed,Yes,Seldom,"Facebook, Twitter, Instagram, Pinterest",Yes,Cash on Delivery,Go with other methods( Debit/Credit/UPI),Online,Sometimes,Weekly,Checking Product quality,Less time Consuming,Every month,Duplicate quality,Brands,Online buying (saves time)
8/16/2021 21:43:42,Female,41-60,"Others ( Masters, PhD)",Student,Employed,No,To a large extent,"LinkedIn, Instagram",Sometimes,Net banking,Go with other methods( Debit/Credit/UPI),Online,Yes,Weekly,Accuracy,Easier,Once in a week,Risk of credit card and transaction,Brands,Online buying (saves time)
8/16/2021 21:45:00,Female,18-25,Intermediate( High School),Student,Unemployed,No,Never,Pinterest,No,Cash on Delivery,Go with other methods( Debit/Credit/UPI),Offline,No,Once in a year,Checking Product quality,Easier,Every month,Duplicate quality,Won't buy,Offline buying (can do quality check)
8/16/2021 21:45:15,Female,26-40,Graduate,Housewife,Unemployed,Yes,Seldom,"Facebook, Pinterest",Yes,Net banking,Go with other methods( Debit/Credit/UPI),Offline,Sometimes,Once in every 2-3 month,Checking Product quality,Less time Consuming,Every month,Identity theft,Feedbacks,Offline buying (can do quality check)
8/16/2021 21:45:22,Male,18-25,Intermediate( High School),Student,Unemployed,No,To a large extent,Instagram,Yes,Cash on Delivery,Go with other methods( Debit/Credit/UPI),Offline,Yes,Weekly,Checking Product quality,Easier,Once in a week,Duplicate quality,Feedbacks,Offline buying (can do quality check)
8/16/2021 21:45:34,Female,18-25,Intermediate( High School),Student,Unemployed,Yes,Seldom,Pinterest,Yes,Cash on Delivery,Go with other methods( Debit/Credit/UPI),Offline,Sometimes,Once in every 2-3 month,Checking Product quality,Easier,Every month,Risk of credit card and transaction,Feedbacks,Offline buying (can do quality check)
8/16/2021 21:45:36,Male,18-25,Intermediate( High School),Student,Unemployed,Yes,Seldom,Instagram,Yes,Cash on Delivery,Go with other methods( Debit/Credit/UPI),Online,Sometimes,Once in every 2-3 month,Checking Product quality,Easy refund,Seldom,Duplicate quality,Feedbacks,Offline buying (can do quality check)
8/16/2021 21:45:58,Female,18-25,Graduate,Student,Unemployed,Yes,To a large extent,Instagram,Yes,Cash on Delivery,Go with other methods( Debit/Credit/UPI),Online,Yes,Weekly,Reliability,Quicker,Seldom,Identity theft,Brands,Online buying (saves time)
8/16/2021 21:48:48,Female,18-25,Graduate,Student,Employed,Yes,To a large extent,"Instagram, Pinterest",No,Cash on Delivery,Go with other methods( Debit/Credit/UPI),Offline,Sometimes,Once in every 2-3 month,Checking Product quality,Quicker,Seldom,Duplicate quality,Feedbacks,Offline buying (can do quality check)
8/16/2021 21:53:37,Male,18-25,"Others ( Masters, PhD)",Student,Unemployed,No,Seldom,Pinterest,Sometimes,Cash on Delivery,Go with other methods( Debit/Credit/UPI),Offline,Yes,Once in every 2-3 month,Checking Product quality,Easier,Every month,Risk of credit card and transaction,Won't buy,Offline buying (can do quality check)
8/16/2021 21:55:09,Male,18-25,Graduate,Student,Unemployed,No,To a large extent,Instagram,Yes,Debit/ Credit card,Go with other methods( Debit/Credit/UPI),Offline,Sometimes,Once in every 2-3 month,Checking Product quality,Less time Consuming,Seldom,Duplicate quality,Feedbacks,Offline buying (can do quality check)
8/16/2021 21:55:23,Male,26-40,Graduate,15000-40000,Employed,No,Seldom,Facebook,Sometimes,Net banking,Won't buy,Online,Yes,Weekly,Checking Product quality,Easy refund,Regular,Risk of credit card and transaction,Won't buy,Offline buying (can do quality check)
8/16/2021 21:58:32,Male,41-60,Intermediate( High School),40000 and above,Employed,No,Never,Facebook,Sometimes,Cash on Delivery,Won't buy,Offline,Yes,Once in every 2-3 month,Reliability,Less time Consuming,Once in a week,Identity theft,Won't buy,Offline buying (can do quality check)
8/16/2021 22:00:11,Male,18-25,Graduate,Student,Unemployed,Yes,Seldom,Instagram,Yes,Cash on Delivery,Go with other methods( Debit/Credit/UPI),Offline,Sometimes,Once in every 2-3 month,Checking Product quality,Easier,Seldom,Duplicate quality,Won't buy,Offline buying (can do quality check)
8/16/2021 22:07:59,Male,18-25,Graduate,Student,Employed,Yes,To a large extent,"Twitter, Instagram",Yes,Net banking,Go with other methods( Debit/Credit/UPI),Offline,Yes,Once in a month,Accuracy,Easier,Seldom,Risk of credit card and transaction,Feedbacks,Online buying (saves time)
8/16/2021 22:12:46,Male,18-25,Intermediate( High School),Student,Unemployed,Yes,Seldom,Pinterest,Sometimes,Cash on Delivery,Go with other methods( Debit/Credit/UPI),Offline,Sometimes,Once in a year,Accuracy,Less time Consuming,Every month,Duplicate quality,Feedbacks,Offline buying (can do quality check)
8/16/2021 22:15:19,Male,18-25,Graduate,Student,Unemployed,No,To a large extent,Instagram,Yes,Net banking,Go with other methods( Debit/Credit/UPI),Offline,No,Once in a year,Checking Product quality,Less time Consuming,Seldom,Duplicate quality,Brands,Offline buying (can do quality check)
8/16/2021 22:18:02,Female,18-25,Intermediate( High School),Student,Unemployed,Yes,Seldom,LinkedIn,Yes,Cash on Delivery,Won't buy,Offline,Sometimes,Once in a month,Accuracy,Less time Consuming,Seldom,Duplicate quality,Feedbacks,Online buying (saves time)
8/16/2021 22:20:57,Female,18-25,Graduate,Student,Employed,Yes,To a large extent,Instagram,Sometimes,Cash on Delivery,Won't buy,Offline,Sometimes,Once in every 2-3 month,Checking Product quality,Easier,Every month,Identity theft,Brands,Online buying (saves time)
8/16/2021 22:24:22,Female,18-25,Graduate,Student,Self-employed,Yes,To a large extent,"Instagram, Pinterest",Yes,Cash on Delivery,Go with other methods( Debit/Credit/UPI),Offline,Sometimes,Weekly,Checking Product quality,Easy refund,Every month,Risk of credit card and transaction,Brands,Offline buying (can do quality check)
8/16/2021 22:26:02,Female,18-25,Intermediate( High School),15000-40000,Employed,Yes,Never,Instagram,Sometimes,Cash on Delivery,Go with other methods( Debit/Credit/UPI),Offline,Yes,Once in a month,Checking Product quality,Easy refund,Regular,Duplicate quality,Feedbacks,Online buying (saves time)
8/16/2021 22:26:25,Male,18-25,Graduate,Student,Unemployed,Yes,Seldom,"Twitter, LinkedIn, Instagram",Yes,Cash on Delivery,Go with other methods( Debit/Credit/UPI),Offline,No,Once in every 2-3 month,Checking Product quality,Easier,Every month,Risk of credit card and transaction,Feedbacks,Offline buying (can do quality check)
8/16/2021 22:29:01,Female,18-25,Intermediate( High School),Student,Unemployed,Yes,Seldom,Instagram,Sometimes,Cash on Delivery,Won't buy,Offline,Sometimes,Once in a year,Checking Product quality,Less time Consuming,Once in a week,Duplicate quality,Feedbacks,Offline buying (can do quality check)
8/16/2021 22:29:43,Female,26-40,Graduate,Housewife,Unemployed,No,Never,Instagram,Sometimes,Cash on Delivery,Won't buy,Online,Sometimes,Once in every 2-3 month,Checking Product quality,Easy refund,Regular,Duplicate quality,Won't buy,Online buying (saves time)
8/16/2021 22:32:40,Female,18-25,Intermediate( High School),Housewife,Unemployed,No,Never,"LinkedIn, Instagram",Sometimes,Cash on Delivery,Won't buy,Offline,Sometimes,Once in a year,Checking Product quality,Easy refund,Seldom,Duplicate quality,Brands,Offline buying (can do quality check)
8/16/2021 22:33:06,Male,41-60,Graduate,15000-40000,Self-employed,Yes,Seldom,Facebook,Yes,Debit/ Credit card,Go with other methods( Debit/Credit/UPI),Online,Sometimes,Once in every 2-3 month,Checking Product quality,Less time Consuming,Every month,Identity theft,Feedbacks,Offline buying (can do quality check)
8/16/2021 22:33:10,Male,18-25,Graduate,Student,Employed,Yes,To a large extent,"Twitter, Instagram",Sometimes,Cash on Delivery,Go with other methods( Debit/Credit/UPI),Offline,Yes,Once in a month,Checking Product quality,Easier,Every month,Duplicate quality,Brands,Offline buying (can do quality check)
8/16/2021 22:34:52,Female,26-40,"Others ( Masters, PhD)",40000 and above,Employed,Yes,To a large extent,"Facebook, Instagram",Yes,Debit/ Credit card,Go with other methods( Debit/Credit/UPI),Offline,Yes,Once in every 2-3 month,Checking Product quality,Quicker,Seldom,Duplicate quality,Feedbacks,Online buying (saves time)
8/16/2021 22:37:52,Male,26-40,Graduate,15000-40000,Employed,Yes,Seldom,"Facebook, LinkedIn, Instagram",Sometimes,Debit/ Credit card,Go with other methods( Debit/Credit/UPI),Offline,No,Once in a year,Checking Product quality,Less time Consuming,Regular,Duplicate quality,Brands,Offline buying (can do quality check)
8/16/2021 22:39:15,Male,18-25,Intermediate( High School),Student,Unemployed,No,Seldom,Facebook,Yes,Cash on Delivery,Won't buy,Offline,Sometimes,Once in every 2-3 month,Checking Product quality,Easy refund,Once in a week,Duplicate quality,Feedbacks,Offline buying (can do quality check)
8/16/2021 22:40:10,Female,18-25,Intermediate( High School),Student,Unemployed,Yes,Seldom,"Instagram, Pinterest",Sometimes,Cash on Delivery,Go with other methods( Debit/Credit/UPI),Offline,Sometimes,Once in a year,Checking Product quality,Easier,Seldom,Duplicate quality,Brands,Online buying (saves time)
8/16/2021 22:41:58,Female,18-25,Intermediate( High School),Student,Unemployed,Yes,To a large extent,Pinterest,Yes,Cash on Delivery,Go with other methods( Debit/Credit/UPI),Offline,Sometimes,Once in a year,Checking Product quality,Easier,Once in a week,Duplicate quality,Brands,Online buying (saves time)
8/16/2021 22:43:02,Female,18-25,Intermediate( High School),Student,Employed,Yes,To a large extent,Facebook,Sometimes,Debit/ Credit card,Go with other methods( Debit/Credit/UPI),Offline,Sometimes,Once in a year,Checking Product quality,Easier,Every month,Duplicate quality,Feedbacks,Offline buying (can do quality check)
8/16/2021 22:44:43,Male,18-25,Graduate,Student,Self-employed,Yes,To a large extent,"Facebook, Twitter, Instagram",Sometimes,Cash on Delivery,Go with other methods( Debit/Credit/UPI),Offline,Yes,Once in a month,Reliability,Easier,Regular,Risk of credit card and transaction,Brands,Offline buying (can do quality check)
8/16/2021 23:01:27,Male,18-25,Graduate,15000-40000,Employed,No,To a large extent,LinkedIn,Yes,Debit/ Credit card,Go with other methods( Debit/Credit/UPI),Online,Yes,Once in a month,Checking Product quality,Easy refund,Once in a week,Duplicate quality,Feedbacks,Online buying (saves time)
8/16/2021 23:03:30,Male,26-40,Graduate,15000-40000,Self-employed,Yes,Never,Instagram,Yes,Net banking,Won't buy,Online,Yes,Once in a month,Checking Product quality,Easy refund,Seldom,Don't know about online shopping,Won't buy,Online buying (saves time)
8/16/2021 23:05:25,Female,18-25,"Others ( Masters, PhD)",15000-40000,Employed,Yes,Seldom,Instagram,Yes,Debit/ Credit card,Go with other methods( Debit/Credit/UPI),Online,No,Once in every 2-3 month,Checking Product quality,Easier,Every month,Identity theft,Feedbacks,Offline buying (can do quality check)
8/16/2021 23:10:58,Female,18-25,"Others ( Masters, PhD)",Student,Unemployed,Yes,To a large extent,Instagram,Yes,Cash on Delivery,Won't buy,Offline,Sometimes,Once in every 2-3 month,Checking Product quality,Less time Consuming,Every month,Duplicate quality,Brands,Offline buying (can do quality check)
8/16/2021 23:14:37,Male,18-25,Intermediate( High School),Student,Unemployed,Yes,Seldom,Instagram,Sometimes,Cash on Delivery,Won't buy,Offline,No,Once in every 2-3 month,Checking Product quality,Easier,Every month,Duplicate quality,Won't buy,Offline buying (can do quality check)
8/16/2021 23:30:20,Male,18-25,Graduate,less than 15000,Self-employed,No,Never,"Instagram, Pinterest",Yes,Debit/ Credit card,Go with other methods( Debit/Credit/UPI),Online,Yes,Weekly,Accuracy,Quicker,Seldom,Don't know about online shopping,Brands,Offline buying (can do quality check)
8/16/2021 23:34:40,Female,26-40,Intermediate( High School),40000 and above,Unemployed,No,Never,Instagram,Sometimes,Cash on Delivery,Go with other methods( Debit/Credit/UPI),Offline,Yes,Once in a month,Checking Product quality,Easier,Every month,Duplicate quality,Brands,Offline buying (can do quality check)
8/16/2021 23:35:56,Female,18-25,Intermediate( High School),Student,Unemployed,No,Never,Instagram,Sometimes,Cash on Delivery,Go with other methods( Debit/Credit/UPI),Online,Yes,Once in every 2-3 month,Reliability,Easy refund,Every month,Identity theft,Feedbacks,Offline buying (can do quality check)
8/16/2021 23:36:48,Female,18-25,Intermediate( High School),Student,Unemployed,Yes,Seldom,Instagram,Sometimes,Cash on Delivery,Won't buy,Offline,Sometimes,Once in a month,Checking Product quality,Less time Consuming,Seldom,Risk of credit card and transaction,Feedbacks,Online buying (saves time)
8/16/2021 23:39:46,Male,18-25,Graduate,Student,Unemployed,Yes,To a large extent,"Facebook, LinkedIn, Instagram, Pinterest",Yes,Cash on Delivery,Go with other methods( Debit/Credit/UPI),Online,Sometimes,Once in every 2-3 month,Reliability,Easy refund,Once in a week,Duplicate quality,Feedbacks,Offline buying (can do quality check)
8/17/2021 0:03:57,Male,18-25,Graduate,Student,Unemployed,Yes,Never,"Facebook, Instagram",No,Cash on Delivery,Won't buy,Offline,Yes,Once in every 2-3 month,Accuracy,Less time Consuming,Every month,Risk of credit card and transaction,Brands,Online buying (saves time)
8/17/2021 0:07:45,Male,18-25,Intermediate( High School),Student,Unemployed,Yes,Seldom,Twitter,Yes,Cash on Delivery,Go with other methods( Debit/Credit/UPI),Offline,Sometimes,Once in a month,Checking Product quality,Easier,Regular,Duplicate quality,Feedbacks,Offline buying (can do quality check)
8/17/2021 0:10:52,Male,18-25,"Others ( Masters, PhD)",15000-40000,Self-employed,No,Never,Instagram,Sometimes,Debit/ Credit card,Go with other methods( Debit/Credit/UPI),Offline,Sometimes,Once in every 2-3 month,Checking Product quality,Easier,Every month,Duplicate quality,Brands,Offline buying (can do quality check)
8/17/2021 0:17:28,Male,18-25,Graduate,15000-40000,Employed,Yes,Seldom,"Facebook, LinkedIn, Instagram",Yes,Debit/ Credit card,Go with other methods( Debit/Credit/UPI),Offline,Sometimes,Weekly,Checking Product quality,Less time Consuming,Every month,Duplicate quality,Feedbacks,Online buying (saves time)
8/17/2021 0:23:22,Male,41-60,Graduate,15000-40000,Employed,Yes,Seldom,"Facebook, Twitter, Instagram, Pinterest",Sometimes,Debit/ Credit card,Go with other methods( Debit/Credit/UPI),Online,Yes,Once in every 2-3 month,Checking Product quality,Easy refund,Every month,Duplicate quality,Feedbacks,Offline buying (can do quality check)
8/17/2021 0:35:41,Female,18-25,Primary (School),Housewife,Unemployed,No,To a large extent,Instagram,No,Debit/ Credit card,Go with other methods( Debit/Credit/UPI),Offline,Sometimes,Once in a year,Checking Product quality,Easier,Regular,Duplicate quality,Brands,Offline buying (can do quality check)
8/17/2021 0:40:07,Male,26-40,Intermediate( High School),15000-40000,Self-employed,Yes,Never,Facebook,Sometimes,Cash on Delivery,Won't buy,Online,Sometimes,Once in every 2-3 month,Checking Product quality,Easy refund,Once in a week,Duplicate quality,Brands,Online buying (saves time)
8/17/2021 0:41:03,Male,18-25,Graduate,less than 15000,Unemployed,Yes,To a large extent,Instagram,No,Cash on Delivery,Go with other methods( Debit/Credit/UPI),Online,Yes,Once in a month,Checking Product quality,Quicker,Seldom,Risk of credit card and transaction,Brands,Online buying (saves time)
8/17/2021 0:41:46,Female,26-40,Intermediate( High School),Housewife,Unemployed,Yes,Seldom,"Facebook, Pinterest",Yes,Cash on Delivery,Won't buy,Offline,Yes,Once in every 2-3 month,Checking Product quality,Easy refund,Seldom,Duplicate quality,Feedbacks,Offline buying (can do quality check)
8/17/2021 0:43:24,Female,18-25,"Others ( Masters, PhD)",Student,Unemployed,Yes,Seldom,Instagram,Yes,Cash on Delivery,Go with other methods( Debit/Credit/UPI),Offline,Sometimes,Once in every 2-3 month,Reliability,Easy refund,Once in a week,Identity theft,Brands,Offline buying (can do quality check)
8/17/2021 0:46:52,Male,26-40,Graduate,15000-40000,Employed,Yes,To a large extent,Facebook,Yes,Cash on Delivery,Won't buy,Offline,Sometimes,Once in every 2-3 month,Checking Product quality,Easier,Regular,Risk of credit card and transaction,Won't buy,Offline buying (can do quality check)
8/17/2021 0:57:40,Female,18-25,Graduate,less than 15000,Self-employed,Yes,Seldom,"Instagram, Pinterest",Sometimes,Cash on Delivery,Go with other methods( Debit/Credit/UPI),Offline,Sometimes,Once in a month,Checking Product quality,Quicker,Every month,Duplicate quality,Brands,Online buying (saves time)
8/17/2021 1:22:55,Male,41-60,Graduate,15000-40000,Self-employed,No,Never,Facebook,No,Cash on Delivery,Go with other methods( Debit/Credit/UPI),Offline,No,Once in a year,Checking Product quality,Less time Consuming,Regular,Duplicate quality,Won't buy,Offline buying (can do quality check)
8/17/2021 6:29:44,Female,26-40,Graduate,15000-40000,Unemployed,Yes,Seldom,"Facebook, Pinterest",Yes,Cash on Delivery,Go with other methods( Debit/Credit/UPI),Offline,Yes,Once in a month,Checking Product quality,Easier,Every month,Risk of credit card and transaction,Brands,Online buying (saves time)
8/17/2021 8:34:44,Male,18-25,Graduate,Student,Unemployed,Yes,Seldom,Instagram,Sometimes,Cash on Delivery,Go with other methods( Debit/Credit/UPI),Online,Yes,Once in every 2-3 month,Reliability,Easy refund,Seldom,Duplicate quality,Feedbacks,Offline buying (can do quality check)
8/17/2021 10:11:36,Male,18-25,Intermediate( High School),Student,Unemployed,Yes,Seldom,"LinkedIn, Instagram",Sometimes,Debit/ Credit card,Go with other methods( Debit/Credit/UPI),Offline,Sometimes,Once in every 2-3 month,Accuracy,Easier,Regular,Duplicate quality,Feedbacks,Online buying (saves time)
8/17/2021 10:34:18,Female,18-25,Intermediate( High School),Student,Unemployed,Yes,Never,Facebook,Sometimes,Cash on Delivery,Won't buy,Offline,Sometimes,Once in a year,Checking Product quality,Less time Consuming,Every month,Don't know about online shopping,Brands,Offline buying (can do quality check)
8/17/2021 10:36:20,Male,18-25,"Others ( Masters, PhD)",Student,Unemployed,No,Never,Instagram,Yes,Cash on Delivery,Won't buy,Offline,Sometimes,Once in every 2-3 month,Checking Product quality,Less time Consuming,Regular,Duplicate quality,Feedbacks,Offline buying (can do quality check)
8/17/2021 10:42:34,Female,18-25,"Others ( Masters, PhD)",Student,Unemployed,Yes,To a large extent,"Facebook, Twitter",Yes,Cash on Delivery,Won't buy,Online,Yes,Once in a month,Checking Product quality,Less time Consuming,Every month,Duplicate quality,Feedbacks,Offline buying (can do quality check)
8/17/2021 11:31:54,Female,26-40,"Others ( Masters, PhD)",less than 15000,Unemployed,Yes,To a large extent,"Facebook, Twitter, Instagram",Yes,Cash on Delivery,Won't buy,Offline,Sometimes,Once in a month,Checking Product quality,Easy refund,Every month,Duplicate quality,Feedbacks,Offline buying (can do quality check)
8/17/2021 12:23:54,Female,18-25,Intermediate( High School),Student,Employed,No,Never,Facebook,Sometimes,Debit/ Credit card,Go with other methods( Debit/Credit/UPI),Offline,No,Once in a year,Checking Product quality,Quicker,Every month,Don't know about online shopping,Feedbacks,Offline buying (can do quality check)
8/17/2021 12:35:35,Male,18-25,Intermediate( High School),Student,Unemployed,No,Never,Instagram,Sometimes,Cash on Delivery,Go with other methods( Debit/Credit/UPI),Offline,Sometimes,Once in a year,Checking Product quality,Less time Consuming,Every month,Duplicate quality,Feedbacks,Offline buying (can do quality check)
8/17/2021 14:16:50,Female,18-25,Intermediate( High School),Student,Unemployed,Yes,Seldom,"Twitter, Instagram",Yes,Net banking,Go with other methods( Debit/Credit/UPI),Offline,Sometimes,Once in a month,Reliability,Quicker,Seldom,Duplicate quality,Brands,Online buying (saves time)
8/17/2021 14:48:56,Male,18-25,Intermediate( High School),Student,Self-employed,Yes,To a large extent,Instagram,Sometimes,Cash on Delivery,Won't buy,Offline,Sometimes,Once in a year,Checking Product quality,Easier,Every month,Risk of credit card and transaction,Feedbacks,Online buying (saves time)
8/17/2021 15:13:14,Male,18-25,Graduate,Student,Self-employed,Yes,Never,Instagram,Sometimes,Cash on Delivery,Won't buy,Offline,Sometimes,Once in a month,Checking Product quality,Easier,Regular,Risk of credit card and transaction,Won't buy,Offline buying (can do quality check)
8/17/2021 15:20:07,Male,18-25,Intermediate( High School),Student,Unemployed,Yes,To a large extent,Instagram,Sometimes,Cash on Delivery,Go with other methods( Debit/Credit/UPI),Online,Sometimes,Once in every 2-3 month,Checking Product quality,Easier,Regular,Duplicate quality,Feedbacks,Online buying (saves time)
8/17/2021 15:40:41,Female,18-25,Graduate,Student,Unemployed,Yes,Seldom,"LinkedIn, Instagram, Pinterest",Yes,Cash on Delivery,Won't buy,Offline,Sometimes,Once in every 2-3 month,Checking Product quality,Easier,Regular,Duplicate quality,Brands,Offline buying (can do quality check)
8/17/2021 15:51:53,Male,18-25,"Others ( Masters, PhD)",15000-40000,Employed,Yes,Seldom,"Facebook, Twitter, LinkedIn, Instagram",Yes,Cash on Delivery,Go with other methods( Debit/Credit/UPI),Offline,Sometimes,Once in every 2-3 month,Reliability,Easier,Seldom,Duplicate quality,Feedbacks,Offline buying (can do quality check)
8/17/2021 16:05:33,Female,41-60,Graduate,15000-40000,Self-employed,Yes,Seldom,"Facebook, Instagram, Pinterest",Yes,Cash on Delivery,Go with other methods( Debit/Credit/UPI),Offline,Yes,Weekly,Accuracy,Less time Consuming,Every month,Duplicate quality,Feedbacks,Online buying (saves time)
8/17/2021 16:31:00,Female,41-60,Graduate,40000 and above,Employed,Yes,To a large extent,"Facebook, LinkedIn, Instagram, Pinterest",Yes,Net banking,Go with other methods( Debit/Credit/UPI),Online,Yes,Once in a month,Checking Product quality,Easy refund,Seldom,Duplicate quality,Brands,Offline buying (can do quality check)
8/17/2021 16:54:59,Female,41-60,"Others ( Masters, PhD)",15000-40000,Self-employed,Yes,Seldom,"Facebook, Twitter, Instagram",Yes,Debit/ Credit card,Go with other methods( Debit/Credit/UPI),Offline,Yes,Once in every 2-3 month,Checking Product quality,Less time Consuming,Every month,Duplicate quality,Feedbacks,Online buying (saves time)
8/17/2021 17:12:23,Male,41-60,Graduate,15000-40000,Employed,Yes,To a large extent,"Facebook, LinkedIn",Yes,Debit/ Credit card,Go with other methods( Debit/Credit/UPI),Online,Yes,Once in a month,Accuracy,Easier,Every month,Identity theft,Feedbacks,Online buying (saves time)
8/17/2021 17:23:50,Female,41-60,Graduate,15000-40000,Employed,Yes,Never,"Facebook, Twitter, Instagram",Sometimes,Debit/ Credit card,Go with other methods( Debit/Credit/UPI),Offline,Sometimes,Once in a month,Reliability,Less time Consuming,Every month,Duplicate quality,Feedbacks,Offline buying (can do quality check)
8/17/2021 17:31:29,Female,41-60,Graduate,Housewife,Unemployed,Yes,To a large extent,"Facebook, Pinterest",Yes,Debit/ Credit card,Go with other methods( Debit/Credit/UPI),Offline,Yes,Once in a year,Reliability,Easier,Every month,Risk of credit card and transaction,Feedbacks,Online buying (saves time)
8/17/2021 17:45:01,Female,18-25,Graduate,15000-40000,Employed,No,Seldom,"Facebook, LinkedIn, Instagram",Sometimes,Cash on Delivery,Go with other methods( Debit/Credit/UPI),Offline,Yes,Once in a year,Reliability,Less time Consuming,Every month,Duplicate quality,Feedbacks,Offline buying (can do quality check)
8/17/2021 17:48:50,Female,18-25,Graduate,Student,Unemployed,Yes,To a large extent,"Instagram, Pinterest",Yes,Debit/ Credit card,Go with other methods( Debit/Credit/UPI),Offline,Yes,Once in a month,Checking Product quality,Less time Consuming,Every month,Duplicate quality,Feedbacks,Online buying (saves time)
8/17/2021 18:18:06,Female,18-25,"Others ( Masters, PhD)",Student,Unemployed,No,Never,Instagram,Yes,Net banking,Go with other methods( Debit/Credit/UPI),Offline,Yes,Once in a year,Checking Product quality,Less time Consuming,Once in a week,Duplicate quality,Feedbacks,Offline buying (can do quality check)
8/17/2021 18:20:42,Female,41-60,"Others ( Masters, PhD)",40000 and above,Employed,Yes,Seldom,"Facebook, LinkedIn",Yes,Debit/ Credit card,Go with other methods( Debit/Credit/UPI),Offline,Yes,Once in every 2-3 month,Checking Product quality,Easier,Every month,Duplicate quality,Brands,Offline buying (can do quality check)
8/17/2021 18:24:41,Male,18-25,Graduate,15000-40000,Self-employed,Yes,Seldom,Instagram,Sometimes,Net banking,Go with other methods( Debit/Credit/UPI),Offline,Sometimes,Once in a year,Checking Product quality,Easy refund,Every month,Duplicate quality,Feedbacks,Offline buying (can do quality check)
8/17/2021 18:27:41,Female,41-60,Graduate,Housewife,Unemployed,No,Seldom,Facebook,Sometimes,Debit/ Credit card,Won't buy,Offline,Yes,Once in every 2-3 month,Checking Product quality,Easier,Every month,Risk of credit card and transaction,Brands,Offline buying (can do quality check)
8/17/2021 18:32:52,Male,41-60,"Others ( Masters, PhD)",40000 and above,Self-employed,Yes,Seldom,"Facebook, Instagram",Sometimes,Debit/ Credit card,Go with other methods( Debit/Credit/UPI),Online,Yes,Weekly,Reliability,Easy refund,Regular,Duplicate quality,Feedbacks,Offline buying (can do quality check)
8/17/2021 18:38:10,Male,18-25,Intermediate( High School),Student,Unemployed,Yes,To a large extent,"Facebook, Instagram",Yes,Cash on Delivery,Go with other methods( Debit/Credit/UPI),Online,Yes,Once in every 2-3 month,Accuracy,Less time Consuming,Every month,Identity theft,Brands,Online buying (saves time)
8/17/2021 18:39:13,Male,18-25,Intermediate( High School),Student,Unemployed,No,Seldom,Instagram,Yes,Net banking,Go with other methods( Debit/Credit/UPI),Offline,Sometimes,Once in a month,Checking Product quality,Less time Consuming,Seldom,Duplicate quality,Feedbacks,Offline buying (can do quality check)
8/17/2021 18:41:15,Female,18-25,Graduate,Student,Unemployed,No,Seldom,"Instagram, Pinterest",Sometimes,Cash on Delivery,Won't buy,Offline,Sometimes,Once in a year,Accuracy,Quicker,Regular,Duplicate quality,Won't buy,Offline buying (can do quality check)
8/17/2021 18:58:04,Male,18-25,Graduate,15000-40000,Employed,Yes,To a large extent,"Instagram, Reddit",Yes,Cash on Delivery,Go with other methods( Debit/Credit/UPI),Offline,No,Once in a month,Checking Product quality,Less time Consuming,Regular,Duplicate quality,Feedbacks,Offline buying (can do quality check)
8/17/2021 19:00:43,Male,26-40,Graduate,less than 15000,Employed,No,Never,Facebook,No,Cash on Delivery,Won't buy,Offline,Sometimes,Once in a year,Checking Product quality,Easy refund,Once in a week,Duplicate quality,Won't buy,Offline buying (can do quality check)
8/17/2021 19:01:40,Female,18-25,Graduate,Student,Unemployed,Yes,Seldom,Twitter,Yes,Cash on Delivery,Won't buy,Offline,Yes,Once in every 2-3 month,Checking Product quality,Easy refund,Seldom,Risk of credit card and transaction,Feedbacks,Online buying (saves time)
8/17/2021 19:02:44,Male,18-25,Graduate,Student,Unemployed,Yes,Seldom,"Facebook, LinkedIn, Instagram",Yes,Debit/ Credit card,Go with other methods( Debit/Credit/UPI),Online,Yes,Once in a year,Checking Product quality,Easier,Regular,Risk of credit card and transaction,Feedbacks,Offline buying (can do quality check)
8/17/2021 19:20:29,Male,18-25,Graduate,15000-40000,Employed,Yes,To a large extent,"Facebook, LinkedIn, Instagram",Yes,Debit/ Credit card,Go with other methods( Debit/Credit/UPI),Offline,Yes,Weekly,Accuracy,Quicker,Every month,Duplicate quality,Feedbacks,Offline buying (can do quality check)
8/17/2021 19:28:12,Female,41-60,Graduate,Housewife,Self-employed,No,Never,"Facebook, Pinterest",Yes,Debit/ Credit card,Go with other methods( Debit/Credit/UPI),Online,Yes,Once in a month,Checking Product quality,Easy refund,Once in a week,Duplicate quality,Feedbacks,Offline buying (can do quality check)
8/17/2021 19:42:21,Female,26-40,Graduate,Housewife,Self-employed,Yes,To a large extent,"Facebook, Instagram, Pinterest",Yes,Cash on Delivery,Go with other methods( Debit/Credit/UPI),Offline,Sometimes,Once in a year,Checking Product quality,Less time Consuming,Regular,Duplicate quality,Brands,Online buying (saves time)
8/17/2021 20:40:09,Female,18-25,Intermediate( High School),Student,Unemployed,Yes,Never,Facebook,Yes,Cash on Delivery,Go with other methods( Debit/Credit/UPI),Offline,Sometimes,Once in a month,Reliability,Less time Consuming,Regular,Duplicate quality,Feedbacks,Offline buying (can do quality check)
8/17/2021 20:43:37,Female,18-25,"Others ( Masters, PhD)",Student,Unemployed,Yes,Seldom,Instagram,Yes,Debit/ Credit card,Go with other methods( Debit/Credit/UPI),Online,Sometimes,Once in a month,Checking Product quality,Less time Consuming,Once in a week,Duplicate quality,Feedbacks,Offline buying (can do quality check)
8/17/2021 21:56:34,Male,18-25,Intermediate( High School),Student,Unemployed,Yes,To a large extent,"Facebook, Instagram, Pinterest, Reddit",Sometimes,Net banking,Go with other methods( Debit/Credit/UPI),Offline,Sometimes,Once in every 2-3 month,Checking Product quality,Quicker,Once in a week,Duplicate quality,Feedbacks,Offline buying (can do quality check)
8/17/2021 22:42:34,Male,18-25,Graduate,40000 and above,Employed,Yes,To a large extent,"Facebook, Instagram",Yes,Debit/ Credit card,Go with other methods( Debit/Credit/UPI),Offline,Sometimes,Once in a month,Checking Product quality,Easier,Once in a week,Duplicate quality,Feedbacks,Offline buying (can do quality check)
8/17/2021 23:16:07,Female,41-60,Graduate,Housewife,Unemployed,Yes,To a large extent,Facebook,Yes,Debit/ Credit card,Go with other methods( Debit/Credit/UPI),Online,Sometimes,Once in every 2-3 month,Checking Product quality,Less time Consuming,Every month,Duplicate quality,Feedbacks,Offline buying (can do quality check)
8/17/2021 23:28:40,Female,18-25,Graduate,Student,Unemployed,Yes,To a large extent,Pinterest,Yes,Cash on Delivery,Go with other methods( Debit/Credit/UPI),Offline,Yes,Once in every 2-3 month,Reliability,Quicker,Seldom,Don't know about online shopping,Feedbacks,Online buying (saves time)
8/17/2021 23:56:44,Female,18-25,Intermediate( High School),Student,Unemployed,Yes,Seldom,Instagram,Yes,Net banking,Go with other methods( Debit/Credit/UPI),Offline,Yes,Once in a month,Checking Product quality,Less time Consuming,Seldom,Risk of credit card and transaction,Feedbacks,Offline buying (can do quality check)
8/18/2021 0:00:22,Female,18-25,Intermediate( High School),Student,Unemployed,Yes,Seldom,"Facebook, LinkedIn, Instagram",Sometimes,Debit/ Credit card,Go with other methods( Debit/Credit/UPI),Offline,Yes,Once in every 2-3 month,Checking Product quality,Easier,Seldom,Risk of credit card and transaction,Feedbacks,Offline buying (can do quality check)
8/18/2021 0:01:14,Female,18-25,Intermediate( High School),Student,Unemployed,Yes,To a large extent,"Facebook, LinkedIn, Instagram, Pinterest",Yes,Cash on Delivery,Go with other methods( Debit/Credit/UPI),Online,Yes,Once in a year,Checking Product quality,Less time Consuming,Seldom,Identity theft,Won't buy,Offline buying (can do quality check)
8/18/2021 0:11:55,Female,18-25,Graduate,15000-40000,Employed,Yes,Seldom,"Facebook, LinkedIn, Instagram",Sometimes,Debit/ Credit card,Go with other methods( Debit/Credit/UPI),Offline,Yes,Once in every 2-3 month,Checking Product quality,Easier,Seldom,Duplicate quality,Brands,Online buying (saves time)
8/18/2021 0:14:32,Male,18-25,Graduate,40000 and above,Employed,No,Seldom,Instagram,Yes,Debit/ Credit card,Go with other methods( Debit/Credit/UPI),Offline,No,Once in every 2-3 month,Reliability,Easier,Seldom,Duplicate quality,Feedbacks,Offline buying (can do quality check)
8/18/2021 0:16:49,Female,18-25,Intermediate( High School),Student,Unemployed,Yes,Seldom,"Facebook, Instagram, Pinterest",Yes,Cash on Delivery,Go with other methods( Debit/Credit/UPI),Offline,Yes,Weekly,Checking Product quality,Less time Consuming,Every month,Risk of credit card and transaction,Feedbacks,Online buying (saves time)
8/18/2021 0:41:49,Female,18-25,Graduate,Student,Unemployed,Yes,Seldom,"Instagram, Pinterest",Yes,Debit/ Credit card,Go with other methods( Debit/Credit/UPI),Online,Yes,Once in a month,Checking Product quality,Less time Consuming,Seldom,Risk of credit card and transaction,Feedbacks,Online buying (saves time)
8/18/2021 0:44:56,Female,18-25,Intermediate( High School),Student,Unemployed,Yes,To a large extent,"Twitter, Instagram",Sometimes,Cash on Delivery,Go with other methods( Debit/Credit/UPI),Online,Yes,Once in every 2-3 month,Checking Product quality,Less time Consuming,Every month,Duplicate quality,Feedbacks,Online buying (saves time)
8/18/2021 0:49:14,Female,41-60,Graduate,Housewife,Unemployed,Yes,To a large extent,Facebook,Sometimes,Cash on Delivery,Won't buy,Offline,No,Once in a month,Checking Product quality,Less time Consuming,Regular,Duplicate quality,Feedbacks,Online buying (saves time)
8/18/2021 7:54:03,Female,18-25,Graduate,Student,Unemployed,Yes,Never,Instagram,Yes,Debit/ Credit card,Go with other methods( Debit/Credit/UPI),Online,Sometimes,Once in every 2-3 month,Reliability,Easier,Regular,Duplicate quality,Feedbacks,Online buying (saves time)
8/18/2021 8:05:14,Female,18-25,Graduate,Student,Self-employed,No,Seldom,Instagram,Yes,Cash on Delivery,Go with other methods( Debit/Credit/UPI),Offline,Sometimes,Once in a month,Reliability,Quicker,Seldom,Duplicate quality,Feedbacks,Online buying (saves time)
8/18/2021 8:33:01,Female,18-25,"Others ( Masters, PhD)",Student,Unemployed,Yes,Seldom,"LinkedIn, Instagram",Yes,Cash on Delivery,Go with other methods( Debit/Credit/UPI),Offline,Sometimes,Once in every 2-3 month,Checking Product quality,Less time Consuming,Every month,Identity theft,Brands,Offline buying (can do quality check)
8/18/2021 9:34:39,Male,26-40,Graduate,15000-40000,Self-employed,No,To a large extent,"Facebook, Twitter, LinkedIn, Instagram",Yes,Debit/ Credit card,Go with other methods( Debit/Credit/UPI),Online,Yes,Once in a month,Checking Product quality,Easier,Every month,Duplicate quality,Feedbacks,Online buying (saves time)
8/18/2021 10:26:03,Male,18-25,"Others ( Masters, PhD)",less than 15000,Self-employed,Yes,To a large extent,Facebook,Yes,Cash on Delivery,Go with other methods( Debit/Credit/UPI),Offline,Yes,Once in a month,Checking Product quality,Easier,Every month,Risk of credit card and transaction,Feedbacks,Offline buying (can do quality check)
8/18/2021 13:17:47,Male,18-25,Graduate,15000-40000,Self-employed,Yes,To a large extent,Instagram,Yes,Net banking,Go with other methods( Debit/Credit/UPI),Online,Sometimes,Weekly,Accuracy,Less time Consuming,Every month,Duplicate quality,Brands,Online buying (saves time)
8/18/2021 13:55:27,Male,18-25,Graduate,15000-40000,Employed,No,Never,"Facebook, Twitter",Yes,Net banking,Go with other methods( Debit/Credit/UPI),Offline,Sometimes,Once in a month,Checking Product quality,Easier,Regular,Identity theft,Feedbacks,Online buying (saves time)
8/18/2021 14:00:10,Female,18-25,Graduate,Student,Unemployed,Yes,Seldom,Facebook,Yes,Cash on Delivery,Go with other methods( Debit/Credit/UPI),Offline,Yes,Once in a year,Checking Product quality,Easy refund,Once in a week,Don't know about online shopping,Feedbacks,Offline buying (can do quality check)
8/18/2021 14:08:33,Male,18-25,Intermediate( High School),Student,Self-employed,Yes,Seldom,Instagram,Yes,Cash on Delivery,Go with other methods( Debit/Credit/UPI),Offline,No,Once in a month,Checking Product quality,Quicker,Once in a week,Duplicate quality,Feedbacks,Offline buying (can do quality check)
8/18/2021 15:18:05,Male,18-25,Graduate,Student,Unemployed,Yes,To a large extent,Facebook,Yes,Cash on Delivery,Go with other methods( Debit/Credit/UPI),Online,Yes,Once in every 2-3 month,Checking Product quality,Easy refund,Regular,Duplicate quality,Brands,Offline buying (can do quality check)
8/18/2021 15:26:14,Female,18-25,"Others ( Masters, PhD)",Student,Unemployed,Yes,To a large extent,Instagram,Yes,Cash on Delivery,Go with other methods( Debit/Credit/UPI),Offline,No,Once in every 2-3 month,Checking Product quality,Quicker,Every month,Duplicate quality,Feedbacks,Offline buying (can do quality check)
8/18/2021 16:48:58,Male,26-40,Graduate,less than 15000,Unemployed,No,Never,Facebook,Yes,Cash on Delivery,Won't buy,Online,Yes,Once in a month,Checking Product quality,Less time Consuming,Regular,Identity theft,Feedbacks,Online buying (saves time)
8/18/2021 17:45:32,Female,18-25,Graduate,less than 15000,Employed,Yes,Seldom,"Facebook, Instagram",Yes,Net banking,Go with other methods( Debit/Credit/UPI),Offline,Yes,Once in a month,Checking Product quality,Less time Consuming,Once in a week,Duplicate quality,Brands,Online buying (saves time)
8/18/2021 17:55:39,Male,18-25,Intermediate( High School),Student,Unemployed,Yes,Seldom,Instagram,No,Cash on Delivery,Go with other methods( Debit/Credit/UPI),Online,Yes,Once in every 2-3 month,Checking Product quality,Easy refund,Seldom,Risk of credit card and transaction,Feedbacks,Online buying (saves time)
8/18/2021 18:48:08,Female,18-25,"Others ( Masters, PhD)",Student,Unemployed,Yes,Seldom,Instagram,Sometimes,Cash on Delivery,Won't buy,Offline,Sometimes,Once in a year,Checking Product quality,Less time Consuming,Seldom,Risk of credit card and transaction,Feedbacks,Offline buying (can do quality check)
8/18/2021 19:08:30,Female,41-60,Graduate,less than 15000,Employed,No,Never,Instagram,No,Cash on Delivery,Won't buy,Online,Sometimes,Once in every 2-3 month,Reliability,Less time Consuming,Every month,Duplicate quality,Brands,Online buying (saves time)
8/18/2021 19:16:30,Female,26-40,"Others ( Masters, PhD)",less than 15000,Employed,Yes,Never,Instagram,Yes,Cash on Delivery,Go with other methods( Debit/Credit/UPI),Offline,Yes,Once in every 2-3 month,Checking Product quality,Easier,Regular,Duplicate quality,Brands,Offline buying (can do quality check)
8/18/2021 19:20:47,Female,26-40,"Others ( Masters, PhD)",less than 15000,Employed,Yes,Seldom,Instagram,Yes,Cash on Delivery,Go with other methods( Debit/Credit/UPI),Online,Sometimes,Once in every 2-3 month,Reliability,Easy refund,Regular,Duplicate quality,Brands,Online buying (saves time)
8/18/2021 19:35:20,Female,41-60,"Others ( Masters, PhD)",15000-40000,Employed,No,Seldom,Facebook,No,Cash on Delivery,Won't buy,Offline,Sometimes,Once in a year,Checking Product quality,Less time Consuming,Every month,Risk of credit card and transaction,Brands,Offline buying (can do quality check)
8/18/2021 19:35:35,Male,26-40,Graduate,less than 15000,Unemployed,No,Never,"Facebook, Instagram",No,Debit/ Credit card,Go with other methods( Debit/Credit/UPI),Online,Yes,Once in a month,Accuracy,Quicker,Seldom,Identity theft,Brands,Online buying (saves time)
8/18/2021 19:35:50,Female,41-60,Graduate,15000-40000,Employed,Yes,To a large extent,Pinterest,Yes,Cash on Delivery,Go with other methods( Debit/Credit/UPI),Online,Yes,Once in every 2-3 month,Checking Product quality,Easier,Seldom,Identity theft,Feedbacks,Online buying (saves time)
8/18/2021 19:37:40,Female,26-40,Graduate,less than 15000,Employed,Yes,To a large extent,Instagram,Yes,Net banking,Go with other methods( Debit/Credit/UPI),Offline,Yes,Once in every 2-3 month,Accuracy,Less time Consuming,Every month,Risk of credit card and transaction,Brands,Online buying (saves time)
8/18/2021 19:52:09,Female,26-40,"Others ( Masters, PhD)",Housewife,Unemployed,Yes,To a large extent,Facebook,Yes,Cash on Delivery,Go with other methods( Debit/Credit/UPI),Offline,Sometimes,Weekly,Checking Product quality,Less time Consuming,Seldom,Risk of credit card and transaction,Feedbacks,Online buying (saves time)
8/18/2021 19:57:02,Female,26-40,Graduate,less than 15000,Employed,Yes,To a large extent,Instagram,Yes,Debit/ Credit card,Won't buy,Offline,No,Once in a month,Checking Product quality,Easy refund,Every month,Risk of credit card and transaction,Feedbacks,Offline buying (can do quality check)
8/18/2021 20:04:01,Female,26-40,"Others ( Masters, PhD)",less than 15000,Employed,Yes,Seldom,"Facebook, Instagram",Sometimes,Net banking,Go with other methods( Debit/Credit/UPI),Offline,Yes,Once in a month,Checking Product quality,Easier,Every month,Risk of credit card and transaction,Brands,Offline buying (can do quality check)
8/18/2021 20:28:06,Female,26-40,"Others ( Masters, PhD)",40000 and above,Employed,Yes,Seldom,Instagram,Sometimes,Debit/ Credit card,Go with other methods( Debit/Credit/UPI),Online,Sometimes,Once in a month,Checking Product quality,Easier,Every month,Duplicate quality,Feedbacks,Online buying (saves time)
8/18/2021 20:30:39,Female,26-40,Intermediate( High School),less than 15000,Employed,Yes,Seldom,"Facebook, Instagram",Sometimes,Cash on Delivery,Go with other methods( Debit/Credit/UPI),Online,Sometimes,Once in every 2-3 month,Checking Product quality,Easy refund,Seldom,Duplicate quality,Won't buy,Online buying (saves time)
8/18/2021 20:42:29,Female,26-40,Graduate,less than 15000,Employed,Yes,To a large extent,Facebook,Yes,Cash on Delivery,Go with other methods( Debit/Credit/UPI),Offline,Yes,Once in a year,Checking Product quality,Easy refund,Seldom,Duplicate quality,Brands,Offline buying (can do quality check)
8/18/2021 20:45:40,Female,26-40,"Others ( Masters, PhD)",40000 and above,Employed,Yes,Seldom,"LinkedIn, Instagram, Pinterest",Sometimes,Debit/ Credit card,Go with other methods( Debit/Credit/UPI),Offline,Yes,Once in every 2-3 month,Accuracy,Less time Consuming,Every month,Duplicate quality,Won't buy,Offline buying (can do quality check)
8/18/2021 20:47:40,Female,41-60,Graduate,less than 15000,Employed,Yes,To a large extent,Facebook,Sometimes,Cash on Delivery,Won't buy,Offline,Sometimes,Once in a year,Checking Product quality,Less time Consuming,Every month,Risk of credit card and transaction,Won't buy,Offline buying (can do quality check)
8/18/2021 20:50:45,Male,26-40,"Others ( Masters, PhD)",15000-40000,Self-employed,Yes,To a large extent,"Facebook, LinkedIn, Instagram",Yes,Debit/ Credit card,Go with other methods( Debit/Credit/UPI),Offline,No,Once in a month,Checking Product quality,Easier,Once in a week,Duplicate quality,Feedbacks,Online buying (saves time)
8/18/2021 20:51:25,Female,26-40,"Others ( Masters, PhD)",less than 15000,Employed,No,Seldom,"Facebook, Instagram, Pinterest",Sometimes,Debit/ Credit card,Go with other methods( Debit/Credit/UPI),Online,Yes,Weekly,Checking Product quality,Less time Consuming,Regular,Duplicate quality,Brands,Offline buying (can do quality check)
8/18/2021 20:58:38,Male,61 and above,"Others ( Masters, PhD)",40000 and above,Self-employed,No,Seldom,Reddit,No,Cash on Delivery,Won't buy,Offline,Sometimes,Once in a year,Checking Product quality,Easier,Regular,Risk of credit card and transaction,Won't buy,Offline buying (can do quality check)
8/18/2021 21:02:03,Female,41-60,Graduate,15000-40000,Employed,No,Never,"Facebook, Instagram",Sometimes,Cash on Delivery,Go with other methods( Debit/Credit/UPI),Online,Yes,Once in a month,Checking Product quality,Easier,Every month,Duplicate quality,Brands,Online buying (saves time)
8/18/2021 21:09:39,Female,26-40,Intermediate( High School),Housewife,Unemployed,Yes,To a large extent,"Facebook, Twitter, Instagram, Pinterest",Yes,Cash on Delivery,Go with other methods( Debit/Credit/UPI),Online,Yes,Once in a month,Reliability,Quicker,Regular,Duplicate quality,Brands,Online buying (saves time)
8/18/2021 21:09:48,Female,26-40,Graduate,less than 15000,Self-employed,Yes,Seldom,"Facebook, Instagram",Sometimes,Cash on Delivery,Go with other methods( Debit/Credit/UPI),Offline,Sometimes,Once in every 2-3 month,Checking Product quality,Quicker,Seldom,Duplicate quality,Feedbacks,Offline buying (can do quality check)
8/18/2021 21:11:26,Male,18-25,Graduate,less than 15000,Self-employed,No,Never,Instagram,Yes,Cash on Delivery,Go with other methods( Debit/Credit/UPI),Offline,Yes,Once in a month,Reliability,Quicker,Regular,Duplicate quality,Feedbacks,Offline buying (can do quality check)
8/18/2021 21:20:58,Female,18-25,Intermediate( High School),Student,Unemployed,Yes,To a large extent,"Facebook, Instagram",Yes,Debit/ Credit card,Go with other methods( Debit/Credit/UPI),Offline,Sometimes,Weekly,Reliability,Less time Consuming,Every month,Duplicate quality,Brands,Online buying (saves time)
8/18/2021 23:16:07,Male,18-25,Intermediate( High School),Student,Unemployed,Yes,Seldom,Instagram,Sometimes,Cash on Delivery,Go with other methods( Debit/Credit/UPI),Online,Yes,Once in a year,Checking Product quality,Less time Consuming,Regular,Duplicate quality,Brands,Online buying (saves time)
8/18/2021 23:24:21,Female,18-25,Graduate,less than 15000,Employed,Yes,Seldom,Instagram,Yes,Net banking,Go with other methods( Debit/Credit/UPI),Online,Yes,Once in a month,Checking Product quality,Less time Consuming,Seldom,Duplicate quality,Feedbacks,Online buying (saves time)
8/19/2021 6:43:25,Female,41-60,Graduate,less than 15000,Employed,Yes,To a large extent,Instagram,Yes,Cash on Delivery,Go with other methods( Debit/Credit/UPI),Offline,No,Once in every 2-3 month,Checking Product quality,Quicker,Every month,Risk of credit card and transaction,Feedbacks,Offline buying (can do quality check)
8/19/2021 9:15:09,Female,41-60,Graduate,less than 15000,Employed,Yes,Seldom,Facebook,Sometimes,Cash on Delivery,Won't buy,Offline,Sometimes,Once in a year,Checking Product quality,Easier,Seldom,Risk of credit card and transaction,Brands,Online buying (saves time)
8/19/2021 10:58:06,Male,41-60,"Others ( Masters, PhD)",40000 and above,Employed,Yes,Seldom,Facebook,Yes,Debit/ Credit card,Go with other methods( Debit/Credit/UPI),Online,Sometimes,Once in a month,Reliability,Easier,Seldom,Identity theft,Brands,Online buying (saves time)
8/19/2021 12:30:24,Male,18-25,Graduate,Student,Unemployed,No,Never,Instagram,Sometimes,Net banking,Go with other methods( Debit/Credit/UPI),Offline,Yes,Once in a year,Checking Product quality,Less time Consuming,Seldom,Duplicate quality,Brands,Offline buying (can do quality check)
8/19/2021 13:29:33,Female,18-25,"Others ( Masters, PhD)",15000-40000,Employed,Yes,To a large extent,"Facebook, Twitter, Instagram",Yes,Cash on Delivery,Go with other methods( Debit/Credit/UPI),Offline,Sometimes,Weekly,Checking Product quality,Easier,Regular,Duplicate quality,Brands,Offline buying (can do quality check)
8/19/2021 15:07:57,Male,26-40,Graduate,40000 and above,Employed,Yes,To a large extent,"Facebook, Instagram",Yes,Cash on Delivery,Go with other methods( Debit/Credit/UPI),Offline,Sometimes,Once in a month,Checking Product quality,Easy refund,Regular,Duplicate quality,Brands,Offline buying (can do quality check)
8/19/2021 15:13:52,Male,26-40,"Others ( Masters, PhD)",40000 and above,Employed,Yes,To a large extent,"Facebook, Twitter, LinkedIn, Instagram",Yes,Cash on Delivery,Won't buy,Offline,Yes,Once in a year,Accuracy,Easy refund,Once in a week,Duplicate quality,Brands,Offline buying (can do quality check)
8/19/2021 16:59:55,Male,18-25,Intermediate( High School),15000-40000,Employed,No,Seldom,"Facebook, Instagram",Yes,Cash on Delivery,Go with other methods( Debit/Credit/UPI),Offline,Sometimes,Once in a month,Checking Product quality,Less time Consuming,Regular,Don't know about online shopping,Feedbacks,Online buying (saves time)
8/19/2021 18:47:58,Female,41-60,"Others ( Masters, PhD)",40000 and above,Self-employed,No,Never,Facebook,No,Debit/ Credit card,Go with other methods( Debit/Credit/UPI),Online,Sometimes,Once in a month,Reliability,Easier,Seldom,Identity theft,Brands,Online buying (saves time)
8/19/2021 19:12:29,Male,26-40,"Others ( Masters, PhD)",15000-40000,Employed,Yes,To a large extent,Facebook,Yes,Cash on Delivery,Go with other methods( Debit/Credit/UPI),Offline,Yes,Once in every 2-3 month,Checking Product quality,Quicker,Every month,Risk of credit card and transaction,Feedbacks,Offline buying (can do quality check)
8/19/2021 19:19:02,Male,26-40,"Others ( Masters, PhD)",less than 15000,Self-employed,Yes,Seldom,Facebook,No,Debit/ Credit card,Go with other methods( Debit/Credit/UPI),Offline,Yes,Once in a month,Checking Product quality,Quicker,Regular,Risk of credit card and transaction,Feedbacks,Offline buying (can do quality check)
8/19/2021 20:47:44,Male,26-40,"Others ( Masters, PhD)",less than 15000,Employed,Yes,To a large extent,Facebook,Sometimes,Cash on Delivery,Won't buy,Offline,Sometimes,Once in a year,Reliability,Less time Consuming,Regular,Duplicate quality,Won't buy,Offline buying (can do quality check)
8/19/2021 21:54:19,Female,41-60,"Others ( Masters, PhD)",15000-40000,Self-employed,Yes,To a large extent,"Facebook, Instagram",Sometimes,Debit/ Credit card,Go with other methods( Debit/Credit/UPI),Offline,Sometimes,Once in every 2-3 month,Checking Product quality,Less time Consuming,Every month,Duplicate quality,Feedbacks,Offline buying (can do quality check)
8/20/2021 10:21:42,Female,18-25,Graduate,Student,Employed,No,Never,Instagram,Yes,Net banking,Go with other methods( Debit/Credit/UPI),Online,Yes,Once in every 2-3 month,Checking Product quality,Quicker,Every month,Risk of credit card and transaction,Feedbacks,Online buying (saves time)
8/20/2021 11:14:33,Male,18-25,Intermediate( High School),Student,Unemployed,No,Never,"LinkedIn, Instagram, Pinterest",Yes,Cash on Delivery,Won't buy,Offline,Sometimes,Once in a month,Checking Product quality,Less time Consuming,Regular,Risk of credit card and transaction,Feedbacks,Online buying (saves time)
8/21/2021 12:26:53,Female,18-25,Graduate,Student,Employed,Yes,To a large extent,"LinkedIn, Instagram, Pinterest",Yes,Cash on Delivery,Go with other methods( Debit/Credit/UPI),Offline,Sometimes,Once in a month,Checking Product quality,Quicker,Once in a week,Duplicate quality,Brands,Online buying (saves time)
8/21/2021 12:32:14,Female,18-25,Graduate,Student,Employed,No,Seldom,Instagram,Sometimes,Debit/ Credit card,Go with other methods( Debit/Credit/UPI),Online,Yes,Once in every 2-3 month,Checking Product quality,Less time Consuming,Regular,Identity theft,Brands,Online buying (saves time)
8/21/2021 13:19:32,Female,26-40,"Others ( Masters, PhD)",40000 and above,Employed,No,Seldom,Instagram,Yes,Net banking,Go with other methods( Debit/Credit/UPI),Offline,Sometimes,Once in every 2-3 month,Checking Product quality,Easier,Every month,Duplicate quality,Feedbacks,Offline buying (can do quality check)
8/21/2021 14:16:11,Male,18-25,"Others ( Masters, PhD)",Student,Unemployed,Yes,To a large extent,Instagram,Yes,Cash on Delivery,Go with other methods( Debit/Credit/UPI),Online,Yes,Once in a month,Checking Product quality,Easy refund,Every month,Identity theft,Feedbacks,Offline buying (can do quality check)
8/22/2021 0:51:31,Male,18-25,Graduate,Student,Unemployed,Yes,Seldom,Twitter,Yes,Cash on Delivery,Go with other methods( Debit/Credit/UPI),Online,No,Once in every 2-3 month,Checking Product quality,Easy refund,Every month,Duplicate quality,Feedbacks,Offline buying (can do quality check)
8/22/2021 1:35:54,Male,18-25,Graduate,Student,Unemployed,Yes,To a large extent,Instagram,Yes,Net banking,Go with other methods( Debit/Credit/UPI),Offline,Yes,Once in every 2-3 month,Accuracy,Less time Consuming,Once in a week,Duplicate quality,Feedbacks,Offline buying (can do quality check)
8/22/2021 1:47:21,Female,26-40,Intermediate( High School),Housewife,Unemployed,Yes,Never,Instagram,No,Cash on Delivery,Won't buy,Offline,Sometimes,Once in every 2-3 month,Checking Product quality,Easier,Every month,Identity theft,Brands,Offline buying (can do quality check)
8/22/2021 4:22:17,Female,26-40,Intermediate( High School),Housewife,Unemployed,Yes,Seldom,"Instagram, Pinterest",Sometimes,Cash on Delivery,Go with other methods( Debit/Credit/UPI),Online,Sometimes,Once in every 2-3 month,Checking Product quality,Easier,Once in a week,Risk of credit card and transaction,Feedbacks,Online buying (saves time)
8/22/2021 9:10:14,Male,26-40,Intermediate( High School),15000-40000,Employed,Yes,To a large extent,"Facebook, Twitter, Instagram",Yes,Net banking,Go with other methods( Debit/Credit/UPI),Online,Yes,Once in a month,Checking Product quality,Less time Consuming,Seldom,Identity theft,Feedbacks,Online buying (saves time)
8/22/2021 9:10:19,Male,26-40,Graduate,40000 and above,Employed,Yes,Never,"Facebook, Twitter, LinkedIn, Instagram",Sometimes,Debit/ Credit card,Go with other methods( Debit/Credit/UPI),Online,Yes,Once in every 2-3 month,Accuracy,Easier,Seldom,Duplicate quality,Feedbacks,Online buying (saves time)
8/22/2021 9:25:40,Female,26-40,Graduate,15000-40000,Employed,Yes,To a large extent,"Facebook, Instagram",Yes,Net banking,Go with other methods( Debit/Credit/UPI),Online,Yes,Once in every 2-3 month,Checking Product quality,Easy refund,Seldom,Duplicate quality,Feedbacks,Offline buying (can do quality check)
8/22/2021 9:41:40,Male,18-25,Graduate,15000-40000,Employed,Yes,To a large extent,Instagram,No,Cash on Delivery,Won't buy,Offline,Sometimes,Once in every 2-3 month,Checking Product quality,Quicker,Every month,Duplicate quality,Feedbacks,Online buying (saves time)
8/22/2021 11:12:45,Female,26-40,"Others ( Masters, PhD)",15000-40000,Employed,Yes,To a large extent,Instagram,Sometimes,Cash on Delivery,Go with other methods( Debit/Credit/UPI),Offline,Sometimes,Once in every 2-3 month,Checking Product quality,Less time Consuming,Every month,Risk of credit card and transaction,Brands,Offline buying (can do quality check)
8/22/2021 11:43:09,Female,18-25,"Others ( Masters, PhD)",Student,Unemployed,Yes,Seldom,"Instagram, Pinterest",Yes,Cash on Delivery,Go with other methods( Debit/Credit/UPI),Offline,Sometimes,Weekly,Accuracy,Less time Consuming,Every month,Risk of credit card and transaction,Feedbacks,Offline buying (can do quality check)
8/22/2021 12:00:30,Male,18-25,Graduate,40000 and above,Employed,No,To a large extent,Instagram,No,Debit/ Credit card,Go with other methods( Debit/Credit/UPI),Offline,Yes,Once in every 2-3 month,Accuracy,Easier,Regular,Don't know about online shopping,Feedbacks,Online buying (saves time)
8/22/2021 14:25:56,Male,18-25,Graduate,Housewife,Employed,No,Seldom,"Facebook, Twitter, LinkedIn, Instagram, Pinterest, Reddit",Yes,Net banking,Go with other methods( Debit/Credit/UPI),Online,Sometimes,Once in a month,Reliability,Less time Consuming,Every month,Duplicate quality,Feedbacks,Offline buying (can do quality check)
8/22/2021 14:52:44,Male,26-40,"Others ( Masters, PhD)",less than 15000,Employed,Yes,Never,Instagram,No,Cash on Delivery,Won't buy,Offline,No,Once in a month,Checking Product quality,Easier,Every month,Don't know about online shopping,Brands,Offline buying (can do quality check)
8/22/2021 15:09:47,Female,26-40,Graduate,40000 and above,Employed,Yes,To a large extent,"Facebook, Instagram",Yes,Debit/ Credit card,Go with other methods( Debit/Credit/UPI),Online,Yes,Once in a month,Checking Product quality,Easier,Seldom,Identity theft,Feedbacks,Online buying (saves time)
8/22/2021 19:04:00,Female,41-60,"Others ( Masters, PhD)",40000 and above,Unemployed,Yes,Seldom,"Facebook, LinkedIn, Pinterest",Yes,Cash on Delivery,Won't buy,Offline,Yes,Once in a month,Checking Product quality,Easier,Regular,Duplicate quality,Feedbacks,Offline buying (can do quality check)
8/23/2021 0:47:30,Female,26-40,Graduate,Housewife,Unemployed,No,Never,Facebook,Sometimes,Cash on Delivery,Won't buy,Offline,Sometimes,Once in every 2-3 month,Checking Product quality,Quicker,Every month,Risk of credit card and transaction,Feedbacks,Offline buying (can do quality check)
8/23/2021 9:09:16,Male,26-40,"Others ( Masters, PhD)",40000 and above,Employed,No,Never,"LinkedIn, Instagram",Sometimes,Debit/ Credit card,Go with other methods( Debit/Credit/UPI),Offline,Sometimes,Weekly,Checking Product quality,Less time Consuming,Every month,Duplicate quality,Won't buy,Offline buying (can do quality check)